City_ID,City,Lat,Lng,Max Temp,Humidity,Cloudiness,Wind Speed,Country,Date
0,bandar lampung,-5.4254,105.258,29.86,64,65,4.33,ID,1730110203
1,st. john's,47.5649,-52.7093,3.32,91,22,1.34,CA,1730109877
2,waitangi,-43.9535,-176.5597,11.57,95,0,2.68,NZ,1730109784
3,avarua,-21.2078,-159.775,22.03,73,20,2.57,CK,1730109735
4,edinburgh of the seven seas,-37.0676,-12.3116,14.97,86,96,10.79,SH,1730109816
5,grytviken,-54.2811,-36.5092,-1.93,84,93,1.5,GS,1730109817
6,adamstown,-25.066,-130.1015,20.96,79,99,3.12,PN,1730109813
7,rikaze,29.25,88.8833,17.52,7,0,2.0,CN,1730110212
8,nyurba,63.2842,118.3319,-10.17,96,100,2.19,RU,1730110218
9,marvejols,44.5538,3.2914,16.85,73,40,1.79,FR,1730110220
10,grand falls-windsor,48.9332,-55.6649,-0.83,89,28,4.31,CA,1730109608
11,port-aux-francais,-49.35,70.2167,3.1,77,100,13.9,TF,1730109789
12,puerto ayora,-0.7393,-90.3518,20.31,95,93,0.45,EC,1730109867
13,tazovsky,67.4667,78.7,-1.44,97,100,4.55,RU,1730110225
14,sumbawa besar,-8.5,117.4333,29.23,62,8,2.09,ID,1730110227
15,tiksi,71.6872,128.8694,-17.08,99,100,1.23,RU,1730109849
16,ushuaia,-54.8,-68.3,4.31,96,100,3.14,AR,1730109840
17,vorgashor,67.5833,63.95,-1.44,95,99,4.69,RU,1730110059
18,constantia,44.1833,28.65,17.61,40,70,3.39,RO,1730109829
19,port augusta,-32.5,137.7667,17.16,68,0,8.18,AU,1730110233
20,qaqortoq,60.7167,-46.0333,-0.03,93,100,2.64,GL,1730109791
21,zahedan,29.4963,60.8629,21.95,33,0,2.06,IR,1730110235
22,talnakh,69.4865,88.3972,-7.68,95,100,5.21,RU,1730109941
23,puerto natales,-51.7236,-72.4875,8.03,87,100,8.1,CL,1730109802
24,katsuura,35.1333,140.3,19.01,86,100,5.4,JP,1730110240
25,san patricio,28.017,-97.5169,24.94,90,7,2.43,US,1730110241
26,bredasdorp,-34.5322,20.0403,17.95,80,100,9.63,ZA,1730109925
27,dudinka,69.4058,86.1778,-6.41,95,100,7.54,RU,1730110244
28,vilyuchinsk,52.9306,158.4028,2.08,69,100,2.04,RU,1730109858
29,kangding,30.0513,101.9603,11.75,83,57,2.11,CN,1730110246
30,yellowknife,62.456,-114.3525,-0.88,100,100,5.14,CA,1730109838
31,port lincoln,-34.7333,135.8667,13.87,77,0,5.6,AU,1730110134
32,ivdel',60.6911,60.4206,3.16,67,19,1.39,RU,1730110250
33,college,64.8569,-147.8028,-15.86,81,20,3.6,US,1730109992
34,nuuk,64.1835,-51.7216,-3.66,80,20,2.57,GL,1730110252
35,ovalle,-30.5983,-71.2003,15.53,73,0,0.91,CL,1730110254
36,eyl,7.9803,49.8164,30.75,56,20,4.85,SO,1730110255
37,biloli,18.7667,77.7333,28.7,58,70,2.56,IN,1730110256
38,nemuro,43.3236,145.575,8.88,68,75,10.54,JP,1730109498
39,bethel,41.3712,-73.414,5.58,69,16,1.94,US,1730109830
40,ust-nera,64.5667,143.2,-22.44,99,63,1.3,RU,1730109948
41,georgetown,5.4112,100.3354,26.64,94,40,2.06,MY,1730110261
42,villa tecolutilla,18.2833,-93.3167,22.97,92,99,0.97,MX,1730110262
43,pitimbu,-7.4706,-34.8086,26.42,70,97,6.96,BR,1730110264
44,celestun,20.8667,-90.4,24.02,89,91,4.37,MX,1730110265
45,weno,7.4515,151.8468,29.22,70,12,2.14,FM,1730110266
46,hermanus,-34.4187,19.2345,17.11,83,47,7.41,ZA,1730109786
47,zheleznodorozhnyy,55.7503,38.0042,8.53,68,34,3.43,RU,1730110268
48,laguna,38.421,-121.4238,14.11,81,0,3.6,US,1730109982
49,santa ana de yacuma,-13.75,-65.4333,21.61,77,67,1.87,BO,1730110271
50,castellarano,44.5131,10.7329,18.58,97,98,0.79,IT,1730110275
51,bayji,34.9311,43.487,26.08,13,0,5.17,IQ,1730110276
52,kendari,-3.945,122.4989,26.79,80,58,2.0,ID,1730110067
53,ugoofaaru,5.6667,73.0,27.57,83,36,8.13,MV,1730110279
54,stanley,54.868,-1.6985,15.44,87,75,4.12,GB,1730109866
55,oeiras do para,-2.0031,-49.8544,24.12,83,76,1.69,BR,1730110282
56,longyearbyen,78.2186,15.6401,-6.09,100,20,3.09,SJ,1730109873
57,albany,42.6001,-73.9662,3.38,71,72,0.45,US,1730109949
58,iqaluit,63.7506,-68.5145,-9.61,78,24,2.68,CA,1730109886
59,novo aripuana,-5.1206,-60.3797,22.85,93,62,1.38,BR,1730110287
60,kone,-21.0595,164.8658,22.54,77,50,2.11,NC,1730110288
61,blackmans bay,-43.0167,147.3167,12.07,63,94,4.03,AU,1730109943
62,barranca,-10.75,-77.7667,15.97,92,67,2.15,PE,1730110290
63,luderitz,-26.6481,15.1594,20.52,43,0,9.56,NA,1730110292
64,ben gardane,33.1378,11.2197,27.79,28,100,6.18,TN,1730110293
65,margaret river,-33.95,115.0667,18.82,67,0,4.83,AU,1730109843
66,cockburn town,21.4612,-71.1419,27.87,77,87,8.84,TC,1730110288
67,i-n-salah,27.1935,2.4607,32.24,15,86,7.15,DZ,1730110296
68,chonchi,-42.6128,-73.8092,5.07,98,38,0.93,CL,1730110298
69,kapuskasing,49.4169,-82.4331,-6.0,79,89,1.54,CA,1730110299
70,hanceville,34.0607,-86.7675,15.65,97,3,2.35,US,1730110300
71,xilin hot,43.9667,116.0333,7.82,61,100,3.39,CN,1730110302
72,invercargill,-46.4,168.35,8.34,89,99,3.58,NZ,1730110212
73,amga,60.8953,131.9608,-21.62,100,90,0.57,RU,1730109989
74,severo-yeniseyskiy,60.3725,93.0408,-0.83,99,100,0.59,RU,1730109986
75,petropavlovsk-kamchatsky,53.0452,158.6483,1.44,65,100,2.54,RU,1730110308
76,island harbour,50.724,-1.2758,15.52,68,62,3.13,GB,1730110309
77,retreat,38.8245,-85.8533,3.03,67,2,1.75,US,1730110310
78,port mathurin,-19.6833,63.4167,24.02,74,26,5.43,MU,1730110030
79,kingston,17.997,-76.7936,24.53,94,100,1.74,JM,1730109822
80,bukittinggi,-0.3091,100.3706,24.6,67,92,2.29,ID,1730110314
81,horta,38.5333,-28.6333,19.45,68,75,4.12,PT,1730110315
82,saipan,15.1355,145.701,28.39,89,0,5.14,MP,1730110039
83,tak,16.5833,98.8333,24.59,91,84,0.46,TH,1730110318
84,enewetak,11.3474,162.3373,28.91,78,90,7.51,MH,1730110265
85,hadibu,12.65,54.0333,29.01,63,5,3.23,YE,1730110199
86,west island,-12.1568,96.8225,27.99,78,75,5.66,CC,1730109808
87,rehoboth,-23.3167,17.0833,18.9,18,0,2.82,NA,1730110323
88,malabar,-33.9667,151.25,18.33,72,100,7.72,AU,1730110324
89,akureyri,65.6835,-18.0878,1.96,69,75,1.03,IS,1730110325
90,whitehorse,60.7161,-135.0538,-14.59,99,88,0.61,CA,1730109859
91,kobryn,52.2138,24.3564,10.33,71,86,4.95,BY,1730110327
92,nova sintra,14.8667,-24.7167,22.43,73,100,8.69,CV,1730110329
93,mount isa,-20.7333,139.5,33.87,14,1,4.63,AU,1730110254
94,kuytun,54.3419,101.5036,3.57,89,99,1.74,RU,1730110331
95,doka,13.5167,35.7667,31.69,46,74,0.69,SD,1730110332
96,utrik,11.2278,169.8474,28.42,76,15,0.59,MH,1730109904
97,beyla,8.6833,-8.6333,26.75,68,72,0.95,GN,1730110335
98,hawaiian paradise park,19.5933,-154.9731,23.28,97,75,3.09,US,1730109832
99,inarajan village,13.2736,144.7484,28.55,91,100,5.05,GU,1730110337
100,papatowai,-46.5619,169.4708,7.11,90,87,5.36,NZ,1730109807
101,cortina d'ampezzo,46.5384,12.1377,12.09,75,99,0.82,IT,1730110340
102,yuzhno-kurilsk,44.0306,145.8556,7.96,68,93,11.26,RU,1730110341
103,chegdomyn,51.1167,133.0167,-1.9,78,89,0.55,RU,1730110342
104,ribeira grande,38.5167,-28.7,19.87,59,75,4.12,PT,1730109852
105,les anglais,18.3054,-74.2197,26.2,81,88,1.21,HT,1730110345
106,badger,64.8,-147.5333,-15.91,86,0,3.6,US,1730110044
107,bubaque,11.2833,-15.8333,28.05,75,4,1.88,GW,1730110347
108,bomi,7.2461,-11.5258,28.69,74,92,1.3,SL,1730110349
109,codrington,-38.2667,141.9667,9.66,82,5,3.39,AU,1730110172
110,ati,13.2154,18.3353,35.27,12,6,5.47,TD,1730110351
111,guarapari,-20.6667,-40.4975,22.72,89,100,4.45,BR,1730110055
112,fale old settlement,-9.3852,-171.2468,27.83,75,95,2.2,TK,1730109959
113,udachny,66.4167,112.4,-24.02,100,80,1.24,RU,1730109909
114,bahia honda,22.9036,-83.1592,23.38,88,100,4.63,CU,1730110356
115,isafjordur,66.0755,-23.124,-0.98,93,100,1.03,IS,1730110357
116,cavalaire-sur-mer,43.174,6.5272,22.07,81,14,6.57,FR,1730110358
117,salem,11.65,78.1667,33.11,55,20,1.03,IN,1730110360
118,tchintabaraden,15.8969,5.7985,31.56,13,13,6.41,NE,1730110361
119,keflavik,64.0049,-22.5624,5.08,93,100,5.14,IS,1730109961
120,mazagao,-0.115,-51.2894,23.39,84,100,1.46,BR,1730110363
121,otjimbingwe,-22.35,16.1333,23.17,15,0,5.28,NA,1730110208
122,dongola,19.1667,30.4833,32.19,12,1,5.28,SD,1730110366
123,sao jose da coroa grande,-8.8978,-35.1478,26.52,67,90,5.97,BR,1730110367
124,pacasmayo,-7.4006,-79.5714,17.09,87,100,3.18,PE,1730110368
125,dapa,9.7594,126.0531,28.64,77,100,9.89,PH,1730110369
126,hagenow,53.4333,11.1833,11.76,78,100,4.99,DE,1730110371
127,kishtwar,33.3167,75.7667,24.75,23,75,3.1,IN,1730110372
128,kegen,43.0197,79.2203,-0.66,88,100,2.98,KZ,1730110373
129,cooma,-36.2333,149.1333,8.86,70,49,1.82,AU,1730110374
130,alo,7.4178,6.7371,31.59,58,75,1.35,NG,1730110376
131,kilindoni,-7.9139,39.6668,27.61,75,96,4.15,TZ,1730110377
132,thompson,55.7435,-97.8558,0.09,64,100,4.12,CA,1730110032
133,hithadhoo,-0.6,73.0833,28.26,75,100,5.53,MV,1730110248
134,arraial do cabo,-22.9661,-42.0278,22.12,74,100,4.9,BR,1730109926
135,buraydah,26.326,43.975,24.25,37,40,3.84,SA,1730110382
136,remire-montjoly,4.9167,-52.2667,22.02,100,40,1.03,GF,1730110383
137,cabo san lucas,22.8909,-109.9124,22.61,65,7,3.53,MX,1730110384
138,acajutla,13.5928,-89.8275,25.88,71,100,3.85,SV,1730110386
139,trevelin,-43.0858,-71.4639,3.71,80,100,1.64,AR,1730110387
140,kavaratti,10.5669,72.642,28.12,65,79,2.62,IN,1730110116
141,lompoc,34.6391,-120.4579,14.88,89,100,5.66,US,1730110193
142,zhob,31.3411,69.4481,28.53,16,0,6.75,PK,1730110390
143,aguas vermelhas,-15.7472,-41.46,21.08,71,100,3.23,BR,1730110392
144,lethem,3.3803,-59.7968,25.33,75,100,3.81,GY,1730110292
145,bilibino,68.0546,166.4372,-14.09,86,100,2.16,RU,1730110397
146,aykhal,66.0,111.5,-23.51,100,27,0.91,RU,1730110385
147,usinsk,65.9939,57.5281,0.59,88,56,5.75,RU,1730110399
148,northam,51.0333,-4.2167,15.22,98,100,7.42,GB,1730110400
149,port elizabeth,-33.918,25.5701,19.16,86,40,12.35,ZA,1730110304
150,luza,60.6308,47.2512,5.13,82,100,2.73,RU,1730110403
151,anadyr,64.75,177.4833,-4.72,92,100,6.0,RU,1730109935
152,sao joao da barra,-21.6403,-41.0511,22.05,84,100,2.28,BR,1730110405
153,flying fish cove,-10.4217,105.6791,25.82,83,40,3.09,CX,1730110407
154,chowchilla,37.123,-120.2602,17.23,67,75,4.12,US,1730110408
155,olonkinbyen,70.9221,-8.7187,-2.05,59,94,11.89,SJ,1730110409
156,daru,-9.0763,143.2092,26.55,88,98,4.74,PG,1730110410
157,nar'yan-mar,67.6713,53.087,1.12,80,43,6.44,RU,1730110285
158,trujillo,-8.116,-79.03,15.98,94,75,3.09,PE,1730110413
159,puerto iguazu,-25.5991,-54.5736,21.62,79,0,2.57,AR,1730110414
160,tarnogskiy gorodok,60.4997,43.5761,4.66,68,9,3.66,RU,1730110415
161,susuman,62.7833,148.1667,-17.22,96,100,1.34,RU,1730110417
162,silver city,32.7701,-108.2803,16.28,33,95,1.34,US,1730110418
163,tolanaro,-25.0319,46.9987,31.04,62,20,9.77,MG,1730110419
164,newman,37.3138,-121.0208,17.13,75,46,2.68,US,1730110418
165,el hajeb,33.6879,-5.371,9.06,64,66,1.48,MA,1730110421
166,pisco,-13.7,-76.2167,15.57,88,75,1.54,PE,1730110264
167,port alfred,-33.5906,26.891,18.43,84,77,4.02,ZA,1730110356
168,itaituba,-4.2761,-55.9836,24.2,54,7,0.87,BR,1730110425
169,chichiriviche,10.9333,-68.2772,27.44,86,85,4.78,VE,1730110426
170,jamestown,42.097,-79.2353,3.8,88,0,1.54,US,1730110428
171,qarazhal,48.0078,70.7903,3.36,93,97,8.1,KZ,1730110429
172,ardakan,32.31,54.0175,19.25,26,0,4.26,IR,1730110430
173,huandacareo,19.9833,-101.2833,7.97,93,0,0.85,MX,1730110432
174,abong mbang,3.9833,13.1833,21.79,95,91,0.77,CM,1730110434
175,lihue,21.9789,-159.3672,25.77,85,75,7.72,US,1730110435
176,fiambala,-27.6871,-67.6149,17.73,53,0,0.63,AR,1730110436
177,chernyshevskiy,63.0128,112.4714,-18.24,100,74,1.36,RU,1730110437
178,egilsstadir,65.2653,-14.3948,1.95,69,40,6.69,IS,1730110439
179,pirane,-25.7324,-59.1088,19.19,46,94,1.78,AR,1730110344
180,el calafate,-50.3408,-72.2768,7.2,77,7,6.21,AR,1730110441
181,lyozna,55.0249,30.7956,10.05,86,98,4.21,BY,1730110442
182,port-cartier,50.0334,-66.8654,0.97,66,76,7.65,CA,1730110425
183,antofagasta,-23.65,-70.4,15.6,85,53,1.11,CL,1730110188
184,salalah,17.0151,54.0924,31.05,48,0,3.6,OM,1730110439
185,kodiak,57.79,-152.4072,2.73,87,100,1.54,US,1730110447
186,bugul'ma,54.55,52.8,3.48,56,90,0.46,RU,1730110448
187,ilulissat,69.2167,-51.1,-10.99,52,0,3.09,GL,1730110450
188,praia da vitoria,38.7333,-27.0667,19.14,63,75,4.44,PT,1730110451
189,mchinji,-13.7984,32.8802,34.63,22,99,3.1,MW,1730110452
190,khorugh,37.4897,71.553,8.39,70,98,0.95,TJ,1730110454
191,carnarvon,-24.8667,113.6333,25.45,52,0,11.35,AU,1730110455
192,minas de marcona,-15.2119,-75.1103,12.39,86,33,3.68,PE,1730110456
193,el granada,37.5027,-122.4694,13.46,90,20,0.0,US,1730110457
194,sisimiut,66.9395,-53.6735,-9.23,55,100,3.03,GL,1730110459
195,kursk,51.7303,36.1939,11.11,77,0,2.0,RU,1730110460
196,rongelap,11.1635,166.8941,28.58,76,73,1.26,MH,1730110461
197,liwale,-9.7667,37.9333,29.91,48,90,2.99,TZ,1730110290
198,hassi messaoud,31.6804,6.0729,27.92,34,0,4.63,DZ,1730110464
199,las vegas,36.175,-115.1372,25.79,19,0,8.23,US,1730110465
200,quellon,-43.1167,-73.6167,7.54,89,50,0.98,CL,1730110466
201,weining,26.85,104.2333,13.36,73,98,1.03,CN,1730110417
202,general jose de san martin,-26.5374,-59.3416,17.62,55,87,2.05,AR,1730110298
203,saint-francois,46.4154,3.9054,18.15,82,0,1.03,FR,1730110470
204,picos,-7.0769,-41.4669,28.19,58,6,4.58,BR,1730110471
205,caburan,5.9181,125.6411,27.7,83,61,4.25,PH,1730110472
206,sangkhla buri,15.1555,98.4536,26.66,96,83,0.76,TH,1730110473
207,new norfolk,-42.7826,147.0587,12.18,73,95,2.74,AU,1730110450
208,lata,40.1629,-8.3327,15.48,60,57,2.4,PT,1730110476
209,alice springs,-23.7,133.8833,29.75,11,0,4.12,AU,1730110245
210,holualoa,19.6228,-155.9522,22.91,90,20,1.54,US,1730110478
211,dauphin,51.1494,-100.0502,3.08,81,0,2.57,CA,1730110479
212,bintulu,3.1667,113.0333,30.51,74,31,1.34,MY,1730110308
213,petrozavodsk,61.7849,34.3469,7.7,87,75,4.0,RU,1730110482
214,vadso,70.0744,29.7487,6.49,93,75,3.09,NO,1730110483
215,voss,60.623,6.4229,7.88,94,100,2.11,NO,1730110484
216,alofi,-19.0595,-169.9187,22.94,88,20,3.09,NU,1730110463
217,geraldton,-28.7667,114.6,25.23,44,0,8.75,AU,1730110198
218,pandan,14.0453,124.1694,27.69,81,100,7.48,PH,1730110488
219,atafu village,-8.5421,-172.5159,28.28,73,100,3.3,TK,1730110489
220,boise,43.6135,-116.2035,8.9,85,75,1.54,US,1730110491
221,rabaul,-4.1967,152.1721,28.23,79,62,5.0,PG,1730110492
222,smithers,54.7804,-127.1743,4.18,93,100,2.57,CA,1730110493
223,kapa'a,22.0752,-159.319,26.18,90,75,7.72,US,1730110494
224,atherton,53.5237,-2.4935,15.42,97,100,2.45,GB,1730110496
225,peace river,56.2501,-117.286,1.48,96,100,2.57,CA,1730110497
226,brookings,44.3114,-96.7984,12.43,60,0,6.17,US,1730110498
227,tara,56.8944,74.371,4.05,87,100,2.94,RU,1730110499
228,tura,25.5198,90.2201,26.67,77,3,1.73,IN,1730110501
229,arba minch,6.0333,37.55,25.94,63,56,1.42,ET,1730110502
230,kwang binh,17.4833,106.6,22.78,95,100,10.63,VN,1730110272
231,iskateley,67.6803,53.1512,1.04,80,48,6.44,RU,1730110449
232,ndele,8.4109,20.6473,32.24,31,3,2.65,CF,1730110506
233,port saint john's,-31.6229,29.5448,25.77,45,0,3.81,ZA,1730110334
234,mata-utu,-13.2816,-176.1745,27.45,79,100,8.06,WF,1730110508
235,midar,34.9403,-3.5331,15.58,68,79,2.58,MA,1730110510
236,prince george,53.9166,-122.753,3.69,98,100,2.06,CA,1730110511
237,aldan,58.6031,125.3894,-5.64,97,99,1.7,RU,1730110512
238,cidreira,-30.1811,-50.2056,18.9,76,2,6.96,BR,1730110515
239,bamboo flat,11.7,92.7167,30.05,74,40,4.12,IN,1730110460
240,oral,51.2333,51.3667,5.99,56,0,2.0,KZ,1730110518
241,chul'man,56.8479,124.9104,-8.91,98,95,1.37,RU,1730110519
242,al mijlad,11.0333,27.7333,28.45,14,93,4.84,SD,1730110520
243,zhangzhou,24.5133,117.6556,24.96,95,98,0.22,CN,1730110522
244,ribas do rio pardo,-20.4431,-53.7592,22.96,83,89,2.43,BR,1730110523
245,lautoka,-17.6167,177.4667,26.92,74,75,0.0,FJ,1730110509
246,khandyga,62.6667,135.6,-18.13,97,100,0.62,RU,1730110525
247,mahina,-17.5065,-149.489,23.87,78,0,1.03,PF,1730110527
248,illizi,26.4833,8.4667,33.89,13,6,0.67,DZ,1730110528
249,cangucu,-31.395,-52.6756,12.89,83,0,1.4,BR,1730110529
250,al hayy,32.1735,46.0433,28.1,10,0,7.99,IQ,1730110530
251,salanso,12.1833,-4.0833,31.96,33,97,3.08,BF,1730110532
252,verkhneural'sk,53.8769,59.2106,2.92,64,100,3.03,RU,1730110533
253,punta arenas,-53.15,-70.9167,8.06,76,75,13.38,CL,1730110534
254,tarinkot,32.6268,65.8733,23.8,20,1,4.74,AF,1730110535
255,fontenay-le-comte,46.5833,-1.0,13.25,80,97,1.59,FR,1730110536
256,binhe,32.6883,112.8275,21.02,45,29,1.79,CN,1730110538
257,crane,31.3974,-102.3501,20.33,55,12,8.81,US,1730110539
258,malanje,-9.5402,16.341,26.69,59,98,0.82,AO,1730110540
259,bozdogan,37.6713,28.314,20.34,15,1,1.66,TR,1730110541
260,ribeira brava,32.65,-17.0667,22.06,65,52,3.34,PT,1730110543
261,saint-flour,45.0833,3.0,14.38,72,35,1.68,FR,1730110544
262,luwuk,-0.9516,122.7875,27.18,75,69,2.17,ID,1730110546
263,touros,-5.1989,-35.4608,27.51,67,35,7.82,BR,1730110434
264,franceville,-1.6333,13.5836,23.57,94,100,1.09,GA,1730110549
265,hamilton,39.1834,-84.5333,5.52,86,0,2.57,US,1730110381
266,molochnoye,59.2917,39.6787,4.39,77,94,5.27,RU,1730110551
267,inebolu,41.9747,33.7608,16.5,63,1,1.78,TR,1730110553
268,seagoville,32.6396,-96.5383,22.65,73,0,3.09,US,1730110555
269,vernon,50.2581,-119.2691,7.56,82,100,3.09,CA,1730110556
270,alzamay,55.5562,98.6644,4.34,86,100,2.77,RU,1730110558
271,nha trang,12.25,109.1833,30.0,87,100,2.86,VN,1730110287
272,colonia,50.9333,6.95,17.19,82,100,2.06,DE,1730110560
273,kirensk,57.7853,108.1119,-1.2,95,98,0.85,RU,1730110561
274,la sarre,48.8002,-79.1996,-3.79,65,57,1.45,CA,1730110563
275,kailua-kona,19.6406,-155.9956,24.98,84,20,1.54,US,1730110446
276,carcarana,-32.8568,-61.1533,17.52,65,0,2.82,AR,1730110565
277,eydhafushi,5.1033,73.0708,27.83,82,69,7.59,MV,1730110566
278,ta`u,-14.2336,-169.5144,26.67,80,44,7.56,AS,1730110568
279,uturoa,-16.7333,-151.4333,25.45,73,12,4.75,PF,1730110530
280,tindouf,27.6711,-8.1474,20.25,42,0,8.23,DZ,1730110570
281,tsengel,49.4783,100.8894,3.75,61,21,1.58,MN,1730110573
282,vuktyl,63.8567,57.3094,1.09,82,88,1.76,RU,1730110574
283,karasburg,-28.0167,18.75,13.88,53,92,6.15,NA,1730110575
284,aripuana,-9.1667,-60.6333,21.72,97,100,1.04,BR,1730110489
285,jutai,-5.1833,-68.9,22.02,99,100,1.16,BR,1730110578
286,san antonio de pale,-1.4014,5.6325,25.53,84,85,7.34,GQ,1730110540
287,essaouira,31.5125,-9.77,20.72,49,4,1.54,MA,1730110573
288,chiredzi,-21.05,31.6667,39.51,19,100,4.72,ZW,1730110581
289,argo,37.6333,22.7333,20.44,23,1,1.68,GR,1730110353
290,inda silase,14.1031,38.2829,25.81,39,3,2.11,ET,1730110584
291,lebu,-37.6167,-73.65,9.58,77,9,7.43,CL,1730110585
292,rio grande,-32.035,-52.0986,17.2,76,19,3.21,BR,1730110586
293,princeville,45.7668,-61.2985,2.09,88,0,6.69,CA,1730110587
294,hammerfest,70.6634,23.6821,5.25,81,75,9.26,NO,1730110314
295,kotlas,61.2611,46.6556,5.26,74,100,3.19,RU,1730110590
296,alaghsas,17.0187,8.0168,31.94,13,0,7.2,NE,1730110591
297,leribe,-28.8718,28.045,15.75,25,40,5.0,LS,1730110592
298,letlhakeng,-24.0944,25.0298,25.96,13,83,4.58,BW,1730110593
299,el porvenir,13.7617,-87.3458,21.63,84,96,2.65,HN,1730110595
300,kasongo-lunda,-6.4667,16.8167,33.14,46,56,0.21,CD,1730110596
301,tondano,1.3038,124.9112,24.05,91,66,1.36,ID,1730110597
302,pacific grove,36.6177,-121.9166,14.12,90,75,2.57,US,1730110088
303,huarmey,-10.0681,-78.1522,16.72,91,56,2.49,PE,1730110600
304,letlhakane,-21.4167,25.5833,33.11,11,26,3.16,BW,1730110601
305,ghadamis,30.1337,9.5007,30.79,14,94,6.64,LY,1730110602
306,ginir,7.1333,40.7,18.48,59,100,3.68,ET,1730110603
307,jalai nur,49.45,117.7,4.07,64,100,1.54,CN,1730110605
308,wailua homesteads,22.0669,-159.378,25.44,89,75,7.72,US,1730110606
309,orotina,9.912,-84.5234,25.42,90,96,1.78,CR,1730110607
310,ancud,-41.8697,-73.8203,6.01,88,39,2.19,CL,1730110483
311,tahe,52.3333,124.7333,-3.69,93,6,0.98,CN,1730110610
312,henryetta,35.4398,-95.9819,18.28,77,26,5.02,US,1730110611
313,sola,-13.8833,167.55,26.33,84,100,4.97,VU,1730110613
314,praia,14.9215,-23.5087,26.3,69,75,6.17,CV,1730110614
315,wanlaweyn,2.6185,44.8938,34.01,42,89,4.0,SO,1730110616
316,sampacho,-33.3839,-64.7221,18.39,49,0,4.84,AR,1730110617
317,odienne,9.51,-7.5692,28.88,64,20,1.35,CI,1730110618
318,ketchikan,55.3422,-131.6461,6.99,87,0,2.57,US,1730110619
319,howrah,22.5892,88.3103,32.0,62,40,2.06,IN,1730110621
320,bardai,11.65,7.2333,29.26,21,4,5.96,NG,1730110622
321,palwancha,17.5815,80.6765,31.12,62,44,2.62,IN,1730110623
322,walvis bay,-22.9575,14.5053,20.53,42,0,4.63,NA,1730110624
323,richards bay,-28.783,32.0377,25.2,64,98,3.67,ZA,1730110626
324,galliano,29.4422,-90.2992,16.67,87,0,1.15,US,1730110627
325,savanna-la-mar,18.219,-78.1332,25.24,90,100,2.69,JM,1730110628
326,wakkanai,45.4094,141.6739,7.43,61,100,6.6,JP,1730110503
327,marsabit,2.3284,37.9899,27.23,41,97,7.24,KE,1730110631
328,san julian,21.0167,-102.1667,8.64,80,0,0.73,MX,1730110632
329,scarborough,54.2797,-0.4044,15.92,73,100,2.24,GB,1730110633
330,kidal,18.4411,1.4078,32.92,11,40,6.6,ML,1730110634
331,mogok,22.9167,96.5,24.09,69,11,1.03,MM,1730110636
332,lagos,6.5833,3.75,31.85,61,43,1.87,NG,1730110575
333,puerto carreno,6.189,-67.4859,25.15,86,100,1.04,CO,1730110640
334,morant bay,17.8815,-76.4093,27.79,84,100,2.72,JM,1730110642
335,kavieng,-2.5744,150.7967,28.66,80,99,5.57,PG,1730110643
336,trondheim,63.4305,10.3951,6.03,88,76,9.78,NO,1730110352
337,valderice,38.0401,12.6151,24.5,69,0,3.6,IT,1730110623
338,teguise,29.0605,-13.564,16.12,82,40,8.75,ES,1730110647
339,gadzhiyevo,69.2551,33.3362,5.49,87,100,11.17,RU,1730110648
340,ceeldheer,3.8488,47.1806,29.95,59,100,5.04,SO,1730110529
341,benguela,-12.5763,13.4055,26.62,68,69,4.58,AO,1730110583
342,selfoss,63.9331,-20.9971,2.8,91,100,5.49,IS,1730110282
343,alexandria,31.2156,29.9553,24.48,50,0,5.59,EG,1730110637
344,aswan,24.0934,32.907,31.94,15,0,3.31,EG,1730110656
345,mejit,10.2753,170.8646,28.53,77,14,3.01,MH,1730110657
346,tofol,5.3248,163.0078,29.25,69,26,2.5,FM,1730110659
347,prado,-17.3411,-39.2208,26.07,66,89,2.16,BR,1730110661
348,namdrik,5.5994,168.1028,29.15,65,45,3.42,MH,1730110662
349,barmer,25.75,71.3833,38.42,12,1,3.96,IN,1730110508
350,klyuchi,52.2667,79.1667,8.73,57,84,7.47,RU,1730110071
351,galle,6.0367,80.217,29.96,82,55,0.45,LK,1730110506
352,chokwe,-24.5333,32.9833,40.42,25,53,7.52,MZ,1730110667
353,serdar,38.9764,56.2757,14.21,40,4,1.56,TM,1730110668
354,gaogou,34.0175,119.1886,13.24,64,4,2.91,CN,1730110669
355,taroa,8.7058,171.2275,28.96,73,9,3.55,MH,1730110671
356,la passe,45.5549,-0.8967,14.13,80,26,2.12,FR,1730110672
357,newmarket,44.0501,-79.4663,6.39,85,86,4.17,CA,1730110673
358,sitka,57.0531,-135.33,5.94,81,100,0.0,US,1730110674
359,syktyvkar,61.6764,50.8099,1.85,93,100,3.0,RU,1730110675
360,kismayo,-0.3582,42.5454,28.64,62,100,5.04,SO,1730110677
361,kamaishi,39.2667,141.8833,12.12,76,61,3.43,JP,1730110443
362,la ronge,55.1001,-105.2842,4.14,81,100,5.66,CA,1730110679
363,san antonio,29.4241,-98.4936,20.19,85,20,0.0,US,1730110680
364,san ignacio,17.1561,-89.0714,23.08,100,75,3.09,BZ,1730110682
365,buchanan,5.8808,-10.0467,27.98,73,12,2.45,LR,1730110683
366,inhambane,-23.865,35.3833,30.57,62,56,9.66,MZ,1730110622
367,matale,7.4721,80.6234,26.67,78,72,2.33,LK,1730110685
368,thunder bay,48.4001,-89.3168,6.99,87,100,7.2,CA,1730110687
369,hood river,45.7054,-121.5215,7.74,96,0,1.34,US,1730110688
370,portland,45.5234,-122.6762,10.19,93,100,2.68,US,1730110107
371,springbok,-29.6643,17.8865,10.32,93,100,5.14,ZA,1730110690
372,talodi,10.6325,30.3797,34.62,15,12,3.09,SD,1730110692
373,badagry,6.4167,2.8833,29.64,70,47,2.42,NG,1730110693
374,hami,42.8,93.45,18.03,23,93,0.64,CN,1730110694
375,celldomolk,47.2571,17.1503,17.05,62,62,3.59,HU,1730110695
376,sao joao evangelista,-18.5478,-42.7633,19.04,98,100,1.19,BR,1730110697
377,nadi,-17.8,177.4167,27.0,74,75,0.0,FJ,1730110525
378,dunedin,-45.8742,170.5036,8.22,86,33,2.68,NZ,1730110699
379,launceston,-41.45,147.1667,12.8,54,40,4.12,AU,1730110411
380,thinadhoo,0.5333,72.9333,28.13,76,56,5.91,MV,1730110701
381,coahuayana de hidalgo,18.7,-103.6583,24.66,66,0,1.94,MX,1730110703
382,tralee,52.2704,-9.7026,13.14,100,100,2.06,IE,1730110704
383,deuchendorf,47.4649,15.3196,13.49,71,96,0.98,AT,1730110705
384,antalaha,-14.9003,50.2788,28.25,72,40,4.76,MG,1730110706
385,suntar,62.1444,117.6319,-7.18,97,100,1.93,RU,1730110708
386,dongxi,28.7614,106.6611,21.59,60,3,1.5,CN,1730110709
387,ulaangom,49.9811,92.0667,5.17,71,88,1.73,MN,1730110710
388,basco,20.4487,121.9702,27.76,81,100,11.78,PH,1730110711
389,tshabong,-26.05,22.45,17.55,22,45,3.81,BW,1730110713
390,wadesboro,34.9682,-80.0767,10.15,87,0,2.19,US,1730110714
391,munsan,37.8594,126.785,18.98,66,89,2.71,KR,1730110715
392,port blair,11.6667,92.75,30.02,74,40,4.12,IN,1730110472
393,east london,-33.0153,27.9116,24.52,35,20,4.12,ZA,1730110594
394,chui,-33.6971,-53.4616,14.99,86,77,2.94,UY,1730110519
395,stornoway,58.2093,-6.3865,11.72,93,20,4.63,GB,1730110720
396,palmer,42.1584,-72.3287,4.36,76,100,0.0,US,1730110721
397,faya-largeau,17.9257,19.1043,30.32,11,0,10.39,TD,1730110722
398,afaahiti,-17.75,-149.2833,22.93,82,62,7.44,PF,1730110724
399,mount gambier,-37.8333,140.7667,8.41,88,7,1.89,AU,1730110522
400,isabela,6.7085,121.9711,28.03,85,64,2.61,PH,1730110726
401,dar chioukh,34.8964,3.4854,17.92,52,73,7.79,DZ,1730110727
402,jayapura,-2.5333,140.7,24.66,85,75,2.62,ID,1730110729
403,maykop,44.6078,40.1058,15.22,47,81,2.56,RU,1730110730
404,khanty-mansiysk,61.0042,69.0019,1.06,86,75,0.0,RU,1730110731
405,nantucket,41.2835,-70.0995,9.52,64,84,7.34,US,1730110519
406,chimbarongo,-34.7,-71.05,14.61,66,0,1.66,CL,1730110734
407,tamanrasset,22.785,5.5228,26.95,16,0,4.63,DZ,1730110735
408,tanjung pandan,-2.75,107.65,30.19,64,67,4.29,ID,1730110738
409,waingapu,-9.6567,120.2641,29.48,62,3,4.51,ID,1730110739
410,kutum,14.2,24.6667,29.22,14,2,3.69,SD,1730110741
411,gebeit,21.0667,36.3167,32.53,31,0,4.76,SD,1730110742
412,puerto madryn,-42.7692,-65.0385,15.84,40,7,4.08,AR,1730110743
413,tanaina,61.6269,-149.4281,-1.2,61,100,2.06,US,1730110745
414,inari,68.906,27.0288,3.11,92,100,6.28,FI,1730110746
415,belmonte,-15.8631,-38.8828,25.58,76,100,1.98,BR,1730110634
416,muravlenko,63.7898,74.523,-2.55,97,94,2.56,RU,1730110748
417,stephenville,32.2207,-98.2023,21.77,76,0,2.57,US,1730110750
418,rudsar,37.1376,50.288,18.99,71,29,4.39,IR,1730110751
419,rio verde de mato grosso,-18.9181,-54.8442,25.13,75,76,1.43,BR,1730110752
420,mugia,43.1041,-9.2179,18.98,83,98,8.91,ES,1730110753
421,ixtapa,20.7,-105.2,25.13,83,0,1.54,MX,1730110755
422,corner brook,48.9667,-57.9484,1.09,71,85,3.87,CA,1730110756
423,hasaki,35.7333,140.8333,19.22,73,100,6.43,JP,1730110489
424,kerteminde,55.449,10.6577,11.09,94,100,6.19,DK,1730110758
425,santyoku,37.4406,129.1708,14.02,75,100,2.7,KR,1730110462
426,bealanana,-14.55,48.7333,32.79,21,5,3.24,MG,1730110761
427,lorengau,-2.0226,147.2712,28.46,81,38,4.37,PG,1730110762
428,tevriz,57.509,72.4042,1.31,92,100,3.14,RU,1730110763
429,berdigestyakh,62.0989,126.6992,-16.54,97,94,1.83,RU,1730110764
430,isiklar,36.9942,40.1264,22.49,14,0,1.53,TR,1730110766
431,doganyol,38.3118,39.0382,16.81,23,9,1.87,TR,1730110767
432,arteche,12.2645,125.4048,27.29,78,100,5.16,PH,1730110768
433,chibougamau,49.9168,-74.3659,-3.21,93,100,4.12,CA,1730110707
434,ariguani,10.25,-74.0,24.31,90,100,1.73,CO,1730110770
435,mayna,54.1135,47.6231,5.01,75,99,0.57,RU,1730110772
436,kununurra,-15.7667,128.7333,30.99,58,51,0.0,AU,1730110773
437,haiku-pauwela,20.9219,-156.3051,25.01,78,0,11.18,US,1730110221
438,miri,4.4148,114.0089,30.08,79,20,1.03,MY,1730110775
439,cobija,-11.0267,-68.7692,21.1,94,75,1.54,BO,1730110777
440,patterson,37.4716,-121.1297,15.97,74,51,2.15,US,1730110778
441,notodden,59.5594,9.2585,10.68,80,0,1.03,NO,1730110779
442,palotina,-24.2839,-53.84,22.36,66,94,4.48,BR,1730110780
443,richfield,44.8833,-93.283,12.01,70,40,3.6,US,1730110782
444,mizan teferi,6.9833,35.5833,21.7,89,57,0.99,ET,1730110783
445,deder,9.3167,41.45,21.43,40,33,2.79,ET,1730110784
446,macapa,0.0389,-51.0664,24.99,88,20,1.03,BR,1730110500
447,alenquer,-1.9417,-54.7383,24.19,64,69,2.34,BR,1730110788
448,tambo,-14.8,-73.9167,3.68,56,45,0.75,PE,1730110789
449,selkirk,50.1436,-96.8845,7.08,76,22,4.02,CA,1730110790
450,happy valley-goose bay,53.3168,-60.3315,0.17,93,100,2.57,CA,1730110792
451,aasiaat,68.7098,-52.8699,-17.35,83,94,3.36,GL,1730110794
452,pailin,12.849,102.6093,23.55,96,95,0.86,KH,1730110733
453,spruce grove,53.5334,-113.9187,1.65,89,20,2.06,CA,1730110796
454,adra,36.7496,-3.0206,15.77,50,77,5.73,ES,1730110798
455,conception bay south,47.4999,-52.9981,3.84,91,75,2.57,CA,1730110799
456,calabozo,8.9242,-67.4293,23.39,92,59,2.65,VE,1730110800
457,mar del plata,-38.0023,-57.5575,19.18,74,90,3.58,AR,1730110345
458,sarina,-21.4333,149.2167,23.12,1,24,2.27,AU,1730110802
459,altai,46.3722,96.2583,2.95,47,27,1.21,MN,1730110804
460,claveria,18.6074,121.0832,25.85,86,100,2.63,PH,1730110805
461,labrador city,52.9463,-66.9114,-2.68,81,75,32.19,CA,1730110387
462,kuanda,56.3161,116.0806,-5.06,94,95,0.35,RU,1730110808
463,byerazino,53.8391,28.9879,11.53,74,83,4.84,BY,1730110811
464,kampong dungun,3.2167,101.3167,30.77,79,78,5.64,MY,1730110812
465,solwezi,-12.1688,26.3894,25.74,49,89,1.52,ZM,1730110814
466,ngereklmadel,7.4883,134.4856,29.05,79,100,5.14,PW,1730110815
467,bismarck,46.8083,-100.7837,7.03,67,0,2.06,US,1730110539
468,diego de almagro,-26.3667,-70.05,13.9,47,0,0.69,CL,1730110817
469,talcahuano,-36.7167,-73.1167,11.82,71,0,4.12,CL,1730110819
470,bridgewater,44.3835,-64.5155,1.82,74,93,5.66,CA,1730110764
471,bloemfontein,-29.1211,26.214,16.71,31,20,5.14,ZA,1730110821
472,necochea,-38.5473,-58.7368,17.85,59,100,4.89,AR,1730110824
473,dadukou,26.5479,101.7054,22.73,68,38,0.98,CN,1730110825
474,gaalkacyo,6.7697,47.4308,32.85,39,97,2.96,SO,1730110812
475,the bottom,17.6259,-63.2492,26.31,75,59,6.64,BQ,1730110827
476,comodoro rivadavia,-45.8667,-67.5,14.92,31,0,9.77,AR,1730110828
477,manadhoo,5.7667,73.3833,27.44,81,34,8.03,MV,1730110830
478,sao tome,0.3365,6.7273,26.68,83,99,3.57,ST,1730110831
479,tres arroyos,-38.3739,-60.2798,17.46,53,100,4.88,AR,1730110835
480,rasht,37.2808,49.5832,16.9,59,40,0.0,IR,1730110836
481,puerto baquerizo moreno,-0.9,-89.6,19.69,83,100,4.79,EC,1730110837
482,carloforte,39.145,8.3058,22.17,73,68,10.81,IT,1730110838
483,ain el bya,35.8039,-0.3018,16.27,76,96,4.91,DZ,1730110840
484,talghar,43.3044,77.2328,4.03,81,100,3.0,KZ,1730110841
485,miches,18.9836,-69.0476,25.25,88,21,0.48,DO,1730110842
486,bereznik,62.8551,42.7072,3.6,74,39,4.55,RU,1730110844
487,aoulef,26.9667,1.0833,30.88,16,78,3.97,DZ,1730110845
488,marion,39.7684,-86.1555,5.32,78,0,0.0,US,1730110847
489,gharo,24.7424,67.5856,36.12,31,3,5.91,PK,1730110848
490,hammelburg,50.1167,9.9,19.16,82,39,1.85,DE,1730110850
491,buta,2.7858,24.73,34.14,42,65,0.81,CD,1730110851
492,kuraymah,18.55,31.85,34.15,19,2,4.62,SD,1730110852
493,palikir - national government center,6.9248,158.1611,25.41,94,75,1.54,FM,1730110853
494,alliance,40.9153,-81.1059,3.14,68,16,2.08,US,1730110855
495,lospalos,-8.5186,127.0025,24.85,79,64,3.74,TL,1730110856
496,winters,38.5249,-121.9708,12.95,60,0,5.66,US,1730110858
497,qui nhon,13.7667,109.2333,25.13,79,100,1.19,VN,1730110597
498,la foa,-21.7108,165.8276,23.8,69,67,1.72,NC,1730110861
499,kayangel,8.0823,134.7173,28.1,80,97,8.35,PW,1730110863
500,lom sak,16.7798,101.2422,29.94,70,20,1.03,TH,1730110864
501,shumikha,55.2261,63.2961,2.67,74,100,4.81,RU,1730110865
502,tsiombe,-25.3,45.4833,37.87,25,79,1.87,MG,1730110867
503,sungailiat,-1.85,106.1333,30.65,67,30,4.9,ID,1730110868
504,ornskoldsvik,63.2909,18.7153,5.53,70,3,9.26,SE,1730110869
505,port macquarie,-31.4333,152.9167,20.6,90,39,0.45,AU,1730110607
506,cabedelo,-6.9811,-34.8339,27.37,73,81,7.43,BR,1730110872
507,port douglas,-16.4833,145.4667,25.59,89,91,5.31,AU,1730110873
508,el aioun,34.5832,-2.5061,14.09,62,98,5.16,MA,1730110874
509,puente alto,-33.6167,-70.5833,18.88,61,0,2.4,CL,1730110875
510,stuttgart,48.7823,9.177,17.67,81,0,1.03,DE,1730110876
511,bel ombre,-4.6167,55.4167,30.91,55,20,2.57,SC,1730110878
512,tucuma,-0.1833,-50.05,25.83,75,100,2.84,BR,1730110879
513,kirovs'k,48.6375,38.6428,12.44,64,100,5.06,UA,1730110880
514,puerto leguizamo,-0.1934,-74.7819,22.39,99,100,0.26,CO,1730110881
515,balaklava,44.5,33.6,16.32,46,6,3.35,UA,1730110883
516,tebessa,35.4042,8.1242,21.6,53,40,3.6,DZ,1730110596
517,novhorod-sivers'kyy,52.0058,33.2615,12.08,56,99,2.26,UA,1730110887
518,polyarnyy,69.1989,33.4478,5.71,86,100,11.29,RU,1730110888
519,port hedland,-20.3167,118.5667,29.03,74,2,6.17,AU,1730110891
520,banda aceh,5.5577,95.3222,29.36,69,84,6.96,ID,1730110892
521,cochin,9.9399,76.2602,30.99,70,34,3.11,IN,1730110789
522,kelapa sawit,1.6698,103.5327,32.06,70,20,1.54,MY,1730110817
523,kerikeri,-35.2268,173.9474,9.79,87,0,2.37,NZ,1730110896
524,guerrero negro,27.9769,-114.0611,17.34,92,0,4.71,MX,1730110897
525,mili,6.0815,171.735,28.63,74,75,4.09,MH,1730110898
526,bengkulu,-3.8004,102.2655,28.57,70,18,2.39,ID,1730110841
527,gorontalo,0.5412,123.0595,26.56,79,80,1.36,ID,1730110903
528,edmundston,47.3737,-68.3251,-0.87,68,75,6.17,CA,1730110904
529,mochudi,-24.4167,26.15,26.33,11,69,4.13,BW,1730110905
530,itoman,26.1247,127.6694,28.01,74,75,7.72,JP,1730110343
531,ciudad bolivar,8.1222,-63.5497,24.72,91,91,2.53,VE,1730110908
532,coroata,-4.13,-44.1242,25.25,80,23,1.86,BR,1730110909
533,callao,-12.0667,-77.15,17.16,82,100,2.57,PE,1730110910
534,carutapera,-1.195,-46.02,27.13,73,28,4.17,BR,1730110912
535,vilyuysk,63.7553,121.6247,-12.73,94,100,3.73,RU,1730110914
536,sailana,23.4667,74.9167,32.97,24,7,2.73,IN,1730110915
537,ryotsu-minato,38.0833,138.4333,13.8,70,94,4.82,JP,1730110917
538,ghanzi,-21.5667,21.7833,26.82,11,0,1.68,BW,1730110918
539,siwana,25.6333,72.4167,37.25,18,4,2.56,IN,1730110919
540,acarau,-2.8856,-40.12,26.76,73,15,7.32,BR,1730110920
541,newport,51.5877,-2.9984,15.06,95,100,5.58,GB,1730110899
542,fortuna,40.5982,-124.1573,10.75,95,75,3.09,US,1730110923
543,betio village,1.358,172.9211,28.02,68,43,5.25,KI,1730110924
544,kourou,5.1552,-52.6478,22.03,81,67,3.0,GF,1730110925
545,ulanhot,46.0833,122.0833,6.5,62,79,2.06,CN,1730110660
546,margate,51.3813,1.3862,15.17,83,100,0.89,GB,1730110928
547,malvan,16.0667,73.4667,28.4,75,8,5.42,IN,1730110929
548,broken hill,-31.95,141.4333,21.17,25,0,4.75,AU,1730110930
549,mumbwa,-14.9783,27.0619,24.36,59,100,1.57,ZM,1730110931
550,lindsay,36.203,-119.0882,14.35,81,75,0.0,US,1730110933
551,ola,59.5833,151.2833,-8.4,57,76,5.5,RU,1730110934
552,san rafael del yuma,18.4299,-68.6739,24.76,89,34,1.96,DO,1730110935
553,vorkuta,67.5,64.0,-0.94,95,100,4.79,RU,1730110936
554,masterton,-40.9597,175.6575,12.28,86,42,2.23,NZ,1730110938
555,shilka,51.85,116.0333,-2.96,92,80,1.48,RU,1730110939
556,papao,-17.75,-149.55,23.82,82,70,8.11,PF,1730110942
557,micheweni,-4.9667,39.8333,28.63,63,44,3.18,TZ,1730110943
558,potosi,-19.5836,-65.7531,7.32,69,97,1.66,BO,1730110945
559,sol'-iletsk,51.1631,54.9918,5.01,57,65,1.13,RU,1730110946
560,tromso,69.6496,18.957,3.01,81,75,8.23,NO,1730110947
561,torghay,49.6339,63.4981,7.47,56,95,3.08,KZ,1730110948
562,jolo,6.05,121.0167,26.8,84,59,0.79,PH,1730110949
563,gobabis,-22.45,18.9667,21.48,13,3,2.17,NA,1730110951
564,west bay,19.3667,-81.4167,25.59,94,98,10.48,KY,1730110952
565,tamugan,7.2308,125.3764,28.69,87,97,2.1,PH,1730110953
